Symbol,Market,Name,Sector,Industry,ListingDate,SettleMonth,Representative,HomePage,Region
138930,KOSPI,BNK금융지주,기타 금융업,금융지주회사,2011-03-30,12월,김지완,http://www.bnkfg.com,부산광역시
097950,KOSPI,CJ제일제당,기타 식품 제조업,"설탕,소맥분,조미식품,육가공식품(돈육,돼지비계,돼지식용설육),대두가공식품,사료,의약품,생활화학제품 제조,도매,무역/통신판매",2007-09-28,12월,"손경식, 최은석 (각자 대표이사)",http://www.cj.co.kr,서울특별시
000990,KOSPI,DB하이텍,반도체 제조업,반도체 제조,1975-12-12,12월,최창식,http://www.dbhitek.co.kr,경기도
139130,KOSPI,DGB금융지주,기타 금융업,지주회사,2011-06-07,12월,김태오,http://www.dgbfg.co.kr,대구광역시
175330,KOSPI,JB금융지주,기타 금융업,금융지주 회사,2013-07-18,12월,김기홍,http://www.jbfg.com,전라북도
001880,KOSPI,DL건설,건물 건설업,"도로건설공사,토목공사,건축공사,조경공사/부동산 임대,매매",1977-12-22,12월,조남창,http://www.dlconstruction.co.kr,인천광역시
375500,KOSPI,DL이앤씨,토목 건설업,토목 건설 사업,2021-01-25,12월,마창민,,서울특별시
383220,KOSPI,F&F,봉제의복 제조업,"MLB, MLB KIDS, DISCOVERY 등 패션의류제품",2021-05-21,12월,김창수,http://www.fnf.co.kr,서울특별시
006360,KOSPI,GS건설,건물 건설업,"토목공사,건축공사,주택공사,산업플랜트공사,리모델링공사,시설물유지관리공사/산업설비설계,감리 용역,수출입/에너지관리 진단,연구개발",1981-08-03,12월,"허창수, 임병용(각자 대표이사)",http://www.gsconst.co.kr/,서울특별시
294870,KOSPI,HDC현대산업개발,건물 건설업,"외주주택, 자체공사, 일반건축, 토목 등",2018-06-12,12월,"권순호, 정경구",http://www.hdc-dvp.com,서울특별시
002380,KOSPI,KCC,기타 화학제품 제조업,"건축용단열재,내외장재,스레트,밤라이트,암면,석고보드,판유리 제조",1973-06-25,12월,"정몽진, 민병삼",http://www.kccworld.co.kr,서울특별시
344820,KOSPI,KCC글라스,유리 및 유리제품 제조업,판유리 등,2020-01-21,12월,김내환,http://www.kccglass.co.kr,서울특별시
016380,KOSPI,KG동부제철,1차 철강 제조업,"철강재(냉연강판,아연도강판,칼라강판,석도강판,선재류,강관,형강,봉강),비철금속 제조,도매",1986-02-03,12월,박성희,http://www.kgdongbusteel.co.kr,서울특별시
001390,KOSPI,KG케미칼,기초 화학물질 제조업,"콘크리트혼화제, 비료, 친환경농자재, 수처리제",1989-08-25,12월,"곽정현, 김재익",http://www.kgchem.co.kr,울산광역시
030210,KOSPI,KTB투자증권,금융 지원 서비스업,"금융업, 서비스, 부동산",1996-11-19,12월,"이병철, 이창근 (각자 대표이사)",http://www.ktb.co.kr,서울특별시
034220,KOSPI,LG디스플레이,전자부품 제조업,액정표시장치(TFT-LCD) 제조,2004-07-23,12월,정호영,http://www.lgdisplay.com,서울특별시
051900,KOSPI,LG생활건강,기타 화학제품 제조업,"화장품,생활용품 제조,도매",2001-04-25,12월,차 석 용,http://www.lgcare.com,서울특별시
011070,KOSPI,LG이노텍,전자부품 제조업,기타 전자부품 제조업,2008-07-24,12월,정철동,http://www.lginnotek.co.kr,서울특별시
066570,KOSPI,LG전자,통신 및 방송 장비 제조업,"이동통신단말기,C-TV,V.C.R.,컴퓨터,완전평면 TV,플라즈마 디스플레이 패널 TV,전자제품(세탁기외),CDMA(코드분할다중접속)이동통신,전자교환기,전송기기",2002-04-22,12월,"권봉석, 배두용",http://www.lge.co.kr,서울특별시
051910,KOSPI,LG화학,기초 화학물질 제조업,"유화/기능/합성수지,재생섬유소,산업재,리튬이온전지,평광판,PVC 제조,도매",2001-04-25,12월,신학철,http://www.lgchem.com,서울특별시
108670,KOSPI,LX하우시스,플라스틱제품 제조업,"창호재, 자동차부품 등",2009-04-20,12월,"강계웅, 강인식",http://www.lghausys.com,서울특별시
001120,KOSPI,LX인터내셔널,상품 중개업,"전자,기계,화공,유류.금속,의류 수출입,도소매",1976-01-30,12월,윤춘성,http://www.lxinternational.co.kr,서울특별시
035420,KOSPI,NAVER,"자료처리, 호스팅, 포털 및 기타 인터넷 정보매개 서비스업",포털 서비스 및 온라인 광고,2008-11-28,12월,한성숙,http://www.navercorp.com,경기도
010060,KOSPI,OCI,기초 화학물질 제조업,"타르제품,카본블랙,무수프탈산,농약원제,석탄화학제품,정밀화학제품,플라스틱창호재 제조,판매",1985-07-09,12월,"백우석, 이우현, 김택중(3인, 각자 대표이사)",http://www.oci.co.kr,서울특별시
005490,KOSPI,POSCO,1차 철강 제조업,"열연코일,냉연강판,후판,선재,스테인리스 제조",1988-06-10,12월,"대표이사 회장 최정우, 대표이사 사장 김학동, 대표이사 부사장 전중선",http://www.posco.co.kr,경상북도
010950,KOSPI,S-Oil,석유 정제품 제조업,"석유제품,가스,윤활기유,윤활유,그리스,석유화학제품 제조,도매",1987-05-27,12월,Hussain A.Al-Qahtani,http://www.s-oil.com,서울특별시
034120,KOSPI,SBS,텔레비전 방송업,"TV,라디오방송,광고",2003-06-25,12월,박정훈(단독대표),http://www.sbs.co.kr,서울특별시
034730,KOSPI,SK,기타 금융업,"지주회사, 시스템통합(SI), 정보통신사업 관련 컨설팅,조사용역,정보통신기술 연구개발/정보통신기기,소프트웨어 개발,도매",2009-11-11,12월,"최태원, 장동현, 박성하",http://www.sk-inc.com/,서울특별시
011790,KOSPI,SKC,기타 화학제품 제조업,"폴리에스테르필름,합성수지,LCD용 필름 제조",1997-07-18,12월,이완재,http://www.skc.kr,경기도
210980,KOSPI,SK디앤디,부동산 임대 및 공급업,"비주거용 부동산개발 및 임대(오피스, 지식산업센터, 호텔 등)",2015-06-23,12월,함스테판윤성,http://www.skdnd.com,경기도
096770,KOSPI,SK이노베이션,석유 정제품 제조업,"석유정제,석유화학제품,윤활유제품,아스팔트제품,의약중간체 제조,판매,유전개발,대체에너지사업",2007-07-25,12월,김준,http://www.SKinnovation.com,서울특별시
285130,KOSPI,SK케미칼,합성고무 및 플라스틱 물질 제조업,"PETG 수지, PET 수지, 바이오디젤, 백신",2018-01-05,12월,"김철, 전광현",http://www.skchemicals.com,경기도
017670,KOSPI,SK텔레콤,전기 통신업,"이동전화,무선호출서비스,부가통신",1989-11-07,12월,박정호,http://www.sktelecom.com,서울특별시
000660,KOSPI,SK하이닉스,반도체 제조업,"반도체,컴퓨터,통신기기 제조,도매",1996-12-26,12월,"박정호, 이석희 (각자대표)",http://www.skhynix.com,경기도
000860,KOSPI,강남제비스코,기타 화학제품 제조업,"도료(페인트,락카,신나,에나멜,바니쉬),안료 제조,판매",1975-11-12,12월,"황익준,김재현(각자대표이사)",http://www.jevisco.com,부산광역시
013580,KOSPI,계룡건설,토목 건설업,"건축공사,주택공사,토목공사,포장공사,전기공사",1996-01-30,12월,"한승구, 이승찬",http://www.krcon.co.kr,대전광역시
002990,KOSPI,금호건설,건물 건설업,"종합건설/여객운송,관광/부동산 임대,분양",1976-06-26,12월,서재환,http://www.kumhoenc.com,전라남도
011780,KOSPI,금호석유,기초 화학물질 제조업,"합성고무 SBR(스티렌부타디엔러버),BR(폴리부타디엔러버),합성수지,BD,라텍스 제조,도소매",1988-01-22,12월,백종훈,http://www.kkpc.com,서울특별시
000270,KOSPI,기아,자동차용 엔진 및 자동차 제조업,"승용차,중대형버스,트럭,민수특수차량,군수차량 제조,판매,정비",1973-07-21,12월,"송호성,최준영(각자 대표이사)",http://www.kia.co.kr,서울특별시
024110,KOSPI,기업은행,은행 및 저축기관,은행업,2003-12-24,12월,윤종원,http://www.kiupbank.co.kr,서울특별시
008350,KOSPI,남선알미늄,1차 비철금속 제조업,알미늄샷시 제조/환경사업,1978-05-22,12월,"장규한,박찬홍",http://www.namsun.co.kr,대구광역시
090350,KOSPI,노루페인트,기타 화학제품 제조업,페인트 제조,2006-07-03,12월,"김용기, 조성국(각자 대표이사)",,경기도
006280,KOSPI,녹십자,의약품 제조업,"알부민외 제조,판매",1989-08-01,12월,허은철,http://www.greencross.com,경기도
003540,KOSPI,대신증권,금융 지원 서비스업,"유가증권 위탁매매,인수주선,자기매매 기타 금융서비스",1975-10-01,12월,오익근,http://www.daishin.com,서울특별시
047040,KOSPI,대우건설,건물 건설업,"아파트건설,토목공사,건축공사,포장공사,전기공사,무역/중장비 대여",2001-03-23,12월,"김형, 정항기(각자 대표이사)",http://daewooenc.co.kr,서울특별시
006650,KOSPI,대한유화,기초 화학물질 제조업,"폴리프로필렌,고밀도폴리에틸렌,나프타분해유분,올레핀류,혼합C4류,분해가솔린 제조",1999-08-11,12월,강길순,http://www.kpic.co.kr,서울특별시
084010,KOSPI,대한제강,1차 철강 제조업,"제강,철재,철근,환봉,마환봉,빌레트 제조",2005-10-31,12월,"이경백, 한성민 각자대표",http://www.idaehan.com,부산광역시
012510,KOSPI,더존비즈온,"컴퓨터 프로그래밍, 시스템 통합 및 관리업",응용 소프트웨어 개발 및 공급업,1988-10-28,12월,김용우,http://www.douzone.com,강원도
192080,KOSPI,더블유게임즈,소프트웨어 개발 및 공급업,온라인 게임,2019-03-12,12월,김가람,,서울특별시
001230,KOSPI,동국제강,1차 철강 제조업,"후판,철근,강판,형강,앵글,찬넬,평철 제조,판매",1988-05-09,12월,"장세욱, 김연극",http://www.dongkuk.co.kr,서울특별시
005960,KOSPI,동부건설,토목 건설업,"건축공사,토목공사,전기공사,기계설비공사/비금속,철구조물 제조,판매/여객,자동차 운송,항만하역",1978-10-30,12월,허상희,http://dbcon.dongbu.co.kr,서울특별시
014820,KOSPI,동원시스템즈,플라스틱제품 제조업,포장용 플라스틱제품 제조 외,1994-03-29,12월,조점근,http://dongwonsystems.com/,경기도
210540,KOSPI,디와이파워,특수 목적용 기계 제조업,유공압기기 등,2015-01-15,12월,박치웅,http://power.dy.co.kr,경상남도
007340,KOSPI,디티알오토모티브,일차전지 및 축전지 제조업,자동차용 밧데리,1988-09-24,12월,김상헌 김원종,http://www.x-probattery.co.kr,울산광역시
011170,KOSPI,롯데케미칼,기초 화학물질 제조업,"폴리프로필렌,고밀도폴리에틸렌,에틸렌글리콜,벤젠,에틸렌옥사이드,합성지,부산물 제조",1991-05-30,12월,"신동빈,김교현,이영준,황진구",http://www.lottechem.com,서울특별시
138040,KOSPI,메리츠금융지주,기타 금융업,투자사업,2011-05-13,12월,김용범,http://www.meritzgroup.com,서울특별시
006800,KOSPI,미래에셋증권,금융 지원 서비스업,"유가증권매매,유가증권위탁매매,유가증권인수",1975-09-30,12월,"최현만, 김재식",http://securities.miraeasset.com,서울특별시
006400,KOSPI,삼성SDI,일차전지 및 축전지 제조업,"2차전지, 전자재료 제조 판매",1979-02-27,12월,전영현,http://www.samsungsdi.co.kr,경기도
207940,KOSPI,삼성바이오로직스,기초 의약물질 및 생물학적 제제 제조업,바이오의약품,2016-11-10,12월,임존종보 (Rim John Chongbo),http://www.samsungbiologics.com,인천광역시
028050,KOSPI,삼성엔지니어링,"건축기술, 엔지니어링 및 관련 기술 서비스업","산업설비,건물,구축물,토목시설의 설계,시공,공사감리",1996-12-24,12월,최성안,http://www.samsungengineering.co.kr,서울특별시
009150,KOSPI,삼성전기,전자부품 제조업,"영상,음향,통신장비,모듈,다층인쇄회로기판,적층세라믹콘덴서,고주파필터,전압제어발진기,온도보상형수정발진기,칩인덕터,디지털위성방송수신기,광픽업,편향코일",1979-02-27,12월,경계현,http://www.sem.samsung.co.kr,경기도
005930,KOSPI,삼성전자,통신 및 방송 장비 제조업,"IMT2000 서비스용 동기식 기지국,교환국장비,데이터단말기,동영상휴대폰,핵심칩,반도체제품,사무,계산 및 회계용기계",1975-06-11,12월,"김기남, 김현석, 고동진",http://www.sec.co.kr,경기도
016360,KOSPI,삼성증권,금융 지원 서비스업,"유가증권의 매매,위탁매매,인수주선",1988-03-28,12월,장석훈,http://www.samsungpop.com,서울특별시
006110,KOSPI,삼아알미늄,1차 비철금속 제조업,"알루미늄박지,은박지,은박가공품,알페이스트 제조,도매,수출",1980-12-05,12월,"한남희,하상용",http://www.sama-al.com,경기도
272550,KOSPI,삼양패키징,플라스틱제품 제조업,PET 용기 및 아셉틱 OEM,2017-11-29,12월,조덕희,http://www.samyangpackaging.co.kr/,서울특별시
002810,KOSPI,삼영무역,기타 전문 도매업,"화공약품, 안경렌즈",1988-03-28,12월,이승용,http://www.samyung.co.kr,서울특별시
004380,KOSPI,삼익THK,일반 목적용 기계 제조업,"직선운동시스템,메카트로시스템,기타정밀 자동화기기 제조,판매/전자상거래,인터넷 관련 s/w,h/w 개발,판매,유지보수",1989-09-26,12월,"진영환, 전영배",http://www.samickthk.co.kr,대구광역시
001820,KOSPI,삼화콘덴서,전자부품 제조업,콘덴서(축전기) 제조,1976-06-26,12월,"오영주, 박진",http://www.samwha.com,경기도
248170,KOSPI,샘표식품,기타 식품 제조업,간장,2016-08-09,12월,박진선,http://www.sempio.com,서울특별시
008490,KOSPI,서흥,기타 화학제품 제조업,"의약품(하드캅셀,건강보조식품,소프트캅셀),건강보조식품,인삼제품 제조,판매",1990-03-27,12월,양주환,http://www.suheung.com,충청북도
001430,KOSPI,세아베스틸,1차 철강 제조업,"특수강,철도용품,자동차부품 제조,수출입",1991-03-12,12월,"김철희, 박준두",http://www.seahbesteel.co.kr,서울특별시
306200,KOSPI,세아제강,1차 철강 제조업,강관,2018-10-05,12월,"이휘령, 김석일",http://www.seahsteel.co.kr,서울특별시
003030,KOSPI,세아제강지주,기타 금융업,경영컨설팅업,1969-05-13,12월,"이순형, 김태현",http://www.seahsteel.co.kr/company/holdings/,서울특별시
336370,KOSPI,솔루스첨단소재,전자부품 제조업,"동박, 유압기기 등",2019-10-18,12월,"진대제, 서광벽(각자 대표이사)",http://www.solusadvancedmaterials.com,전라북도
248070,KOSPI,솔루엠,전자부품 제조업,"POWER, 3in1 Board, ESL 등",2021-02-02,12월,전성호,http://www.solu-m.com,경기도
011930,KOSPI,신성이엔지,반도체 제조업,"태양전지, 태양광모듈 제조 및 판매, 태양광 발전설치공사, 클린룸, 자동화장비",1996-07-31,12월,"이지선, 안윤수",http://www.shinsungeng.com,경기도
005390,KOSPI,신성통상,기타 전문 도매업,"의류,악세사리(모자,벨트,가방) 도매/의류 제조",1975-12-22,06월,대표이사 염태순,http://www.ssts.co.kr,서울특별시
004170,KOSPI,신세계,종합 소매업,"백화점,할인점(E마트)",1985-08-19,12월,차정호,http://www.shinsegae.com,서울특별시
035510,KOSPI,신세계 I&C,"컴퓨터 프로그래밍, 시스템 통합 및 관리업","IT시스템 개발, 운영 및 유지보수, IT 컨설팅, IT장비솔루션 총판, 아웃소싱, IDC, IT기기 및 휴대폰 유통, 전자상품권",2006-05-18,12월,손정현,http://www.shinsegae-inc.com,서울특별시
031430,KOSPI,신세계인터내셔날,"섬유, 의복, 신발 및 가죽제품 소매업","섬유, 의복, 신발 및 가죽제품 소매",2011-07-14,12월,"장재영, 이길한, 손문국 (각자대표)",http://www.sikorea.co.kr,서울특별시
031440,KOSPI,신세계푸드,음식점업,"단체급식, 식자재유통, 외식",2010-04-29,12월,송현석,http://www.shinsegaefood.com,서울특별시
055550,KOSPI,신한지주,기타 금융업,금융지주회사,2001-09-10,12월,조용병,http://www.shinhangroup.com,서울특별시
003410,KOSPI,쌍용C&E,"시멘트, 석회, 플라스터 및 그 제품 제조업",시멘트(크링카),1975-05-03,12월,"홍사승, 이현준 (각자)대표집행임원",http://www.ssangyongcement.co.kr,서울특별시
112610,KOSPI,씨에스윈드,"구조용 금속제품, 탱크 및 증기발생기 제조업",풍력발전타워 제조,2014-11-27,12월,"김성권, 김승범",http://www.cswind.com,충청남도
090430,KOSPI,아모레퍼시픽,기타 화학제품 제조업,"화장품,생활용품 제조, 판매",2006-06-29,12월,"서경배, 안세홍",http://www.apgroup.com,서울특별시
183190,KOSPI,아세아시멘트,"시멘트, 석회, 플라스터 및 그 제품 제조업","시멘트, 레미콘, 몰탈",2013-11-06,12월,"이훈범, 김웅종, 임경태",http://www.asiacement.co.kr,서울특별시
010780,KOSPI,아이에스동서,"내화, 비내화 요업제품 제조업","타일,위생도기,콘크리트파일,P.C관,침목 제조,도매",1986-01-27,12월,"허석헌, 정원호, 김갑진(각자 대표이사)",http://www.isdongseo.co.kr,서울특별시
161000,KOSPI,애경유화,기초 화학물질 제조업,오르토프탈산디옥틸,2012-09-17,12월,박흥식,,서울특별시
011090,KOSPI,에넥스,가구 제조업,"씽크상판,주방기기,목재케비넷,유해가스저감장치시설 제조,판매",1995-07-08,12월,박진규,http://www.enex.co.kr,서울특별시
137310,KOSPI,에스디바이오센서,의료용 기기 제조업,STANDARD Q 항원/항체 진단키트(COVID-19 진단키트),2021-07-16,12월,이효근,http://sdbiosensor.co.kr/,경기도
005850,KOSPI,에스엘,자동차 신품 부품 제조업,"자동차부품(자동차램프류,샤시와조향기기,케스터홀더) 제조",1988-11-08,12월,"이성엽,김한영,김정현",http://www.slworld.com,대구광역시
036570,KOSPI,엔씨소프트,소프트웨어 개발 및 공급업,"인터넷머그게임(리니지),그룹웨어,인터넷커뮤니티 개발,유지,공급",2003-05-22,12월,김택진,http://www.ncsoft.net,서울특별시
111770,KOSPI,영원무역,상품 종합 도매업,스포츠의류,2009-07-30,12월,성기학,,서울특별시
006740,KOSPI,영풍제지,"골판지, 종이 상자 및 종이용기 제조업","골판지원지,지관원지,라이나원지 제조",1996-07-03,12월,이관형,http://www.yp21.co.kr,경기도
007310,KOSPI,오뚜기,기타 식품 제조업,"라면,마요네즈,카레,스프,당면,소오스,토마토케첩,마가린,냉동생지(바게트,크로와상),참치캔,식초,3분짜장 제조",1994-08-12,12월,"함영준, 황성만",http://www.ottogi.co.kr,경기도
316140,KOSPI,우리금융지주,기타 금융업,금융지주,2019-02-13,12월,손태승,http://www.woorifg.com/,서울특별시
014830,KOSPI,유니드,기초 화학물질 제조업,"탄산칼륨,가성칼륨,가성카리,탄산카리(무기화합물),MDF(가공목재) 제조,도매",2004-12-03,12월,"이화영, 정의승(2인, 각자 대표이사)",http://www.unid.co.kr,서울특별시
008250,KOSPI,이건산업,나무제품 제조업,"컨테이너용합판,목재 파렛트,프레스우드 파렛트,가공목재,제재목 제조/부동산 임대",1988-10-21,12월,"박승준, 이길수",http://www.eagon.com,인천광역시
214320,KOSPI,이노션,광고업,광고대행 및 광고물의 제작 등,2015-07-17,12월,이용우,http://www.innocean.com,서울특별시
139480,KOSPI,이마트,종합 소매업,대형마트,2011-06-10,12월,강희석,http://emartcompany.com/ko/main.do,서울특별시
005950,KOSPI,이수화학,기초 화학물질 제조업,"등유,알킬벤젠,윤활유,노말파라핀 제조,도매",1988-04-28,12월,류승호,http://www.isuchemical.co.kr,서울특별시
020150,KOSPI,일진머티리얼즈,전자부품 제조업,"인쇄회로기판(PCB)용 전해동박(ACF,UCF),에폭시용 동박,전해콘덴서용 알루미늄박 제조,판매",2011-03-04,12월,"정병국, 양점식 (각자대표)",http://www.iljinm.co.kr,전라북도
317400,KOSPI,자이에스앤디,부동산 임대 및 공급업,"부동산 관리, 정보통신 공사, 아파트 AS 및 옵션 제품 공급, 건축물 시공 및 분양",2019-11-06,12월,엄관석,http://www.xisnd.com/,서울특별시
030000,KOSPI,제일기획,광고업,"광고 대행/광고물,영화 제작,인쇄,출판",1998-03-03,12월,유정근,http://www.cheil.co.kr,서울특별시
004910,KOSPI,조광페인트,기타 화학제품 제조업,"도료(우레탄,에나멜,락카,특수도료) 제조,도매",1976-12-27,12월,양성아,http://www.chokwangpaint.co.kr,부산광역시
018470,KOSPI,조일알미늄,1차 비철금속 제조업,"알루미늄판 제조,도매",1988-11-22,12월,"이영호,박동수",http://www.choilal.co.kr,경상북도
185750,KOSPI,종근당,의약품 제조업,"딜라트렌,리피로우",2013-12-06,12월,김영주,http://www.ckdpharm.com,서울특별시
063160,KOSPI,종근당바이오,의약품 제조업,"의약품,원료의약품 제조",2001-12-11,12월,이정진,http://www.ckdbio.com,서울특별시
013890,KOSPI,지누스,가구 제조업,매트리스 및 가구제품,2019-10-30,12월,이윤재,http://www.zinus.co.kr,경기도
035720,KOSPI,카카오,"자료처리, 호스팅, 포털 및 기타 인터넷 정보매개 서비스업",인터넷 서비스(인터넷 광고),2017-07-10,12월,"여민수, 조수용",http://www.kakaocorp.com,제주특별자치도
006380,KOSPI,카프로,기초 화학물질 제조업,"카프로락탐,유안비료 제조",1974-05-28,12월,권용대,http://www.hcccapro.co.kr,서울특별시
003690,KOSPI,코리안리,재 보험업,금융보험/부동산 임대,1969-12-22,12월,원종규,http://www.koreanre.co.kr,서울특별시
005070,KOSPI,코스모신소재,기타 화학제품 제조업,"이차전지양극활물질,기능성필름",1987-09-28,12월,홍동환,http://www.cosmoamt.com,충청북도
005420,KOSPI,코스모화학,기타 화학제품 제조업,"이산화티타늄 및 부산물, 황산코발트 및 부산물",1987-07-23,12월,안성덕,http://www.cosmochem.co.kr,서울특별시
002020,KOSPI,코오롱,기타 금융업,지주회사,1975-06-23,12월,안병덕,http://www.kolon.com,경기도
120110,KOSPI,코오롱인더,화학섬유 제조업,"산업자재, 화학, 필름",2010-02-01,12월,"장희구, 유석진",,서울특별시
138490,KOSPI,코오롱플라스틱,합성고무 및 플라스틱 물질 제조업,엔지니어링플라스틱,2011-06-15,12월,방민수,http://www.kolonplastics.com,경상북도
039490,KOSPI,키움증권,금융 지원 서비스업,"유가증권의 매매, 위탁, 인수, 주선",2009-08-03,12월,이 현,http://www.kiwoom.com,서울특별시
009410,KOSPI,태영건설,토목 건설업,"종합건설업(토목공사,도로공사,건축공사,관급공사,환경공사,상하수도공사,하수종말처리공사)/부동산 임대,매매",1989-11-13,12월,이재규,http://www.taeyoung.com,경기도
028670,KOSPI,팬오션,해상 운송업,"해상화물운송(외항,운수보관)",2007-09-21,12월,"김홍국, 안중호(각자 대표이사)",http://www.panocean.com,서울특별시
058430,KOSPI,포스코강판,1차 철강 제조업,"용융아연도금강판,용융알루미늄도금강판,칼라도장강판,냉연강판 가공,제조,도매",2002-08-16,12월,윤양수,http://www.poscocnc.com,경상북도
047050,KOSPI,포스코인터내셔널,상품 중개업,"무역(철강,화학,자동차부품),수출주선,대행,알선,가공원단,폴리우레탄,자동차시트 제조",2001-03-23,12월,대표이사 사장 주시보,http://www.poscointl.com,서울특별시
003670,KOSPI,포스코케미칼,"내화, 비내화 요업제품 제조업","내화물, 생석회, 음극재 및 양극재",2019-05-29,12월,민경준,http://www.poscochemical.com/,경상북도
103140,KOSPI,풍산,1차 비철금속 제조업,,2008-07-30,12월,"류진, 박우동",http://www.poongsan.co.kr,경기도
086790,KOSPI,하나금융지주,기타 금융업,기타 금융,2005-12-12,12월,김정태,http://www.hanafn.com,서울특별시
000080,KOSPI,하이트진로,알코올음료 제조업,소주,2009-10-19,12월,김인규,http://www.hitejinro.com,서울특별시
071050,KOSPI,한국금융지주,기타 금융업,금융지주회사,2003-07-21,12월,김남구,http://www.koreaholdings.com,서울특별시
002960,KOSPI,한국쉘석유,석유 정제품 제조업,"윤활유,그리스 제조,도매",1988-08-10,12월,오지원 (대표이사 직무대행 이사),http://www.shell.co.kr,부산광역시
123890,KOSPI,한국자산신탁,신탁업 및 집합투자업,"부동산 신탁 서비스, REITs",2016-07-13,12월,김규철,http://www.kait.com,서울특별시
015760,KOSPI,한국전력,전기업,"전력자원개발,발전,송전,전력용기자재확보",1989-08-10,12월,정승일,http://www.kepco.co.kr,전라남도
009540,KOSPI,한국조선해양,선박 및 보트 건조업,"선박,해양구조물,엔진,펌프 전동기,중전기,중장비 제조/자동창고,물류시스템",1999-08-24,12월,"권오갑, 가삼현 (각자 대표이사)",http://www.ksoe.co.kr,서울특별시
017960,KOSPI,한국카본,"구조용 금속제품, 탱크 및 증기발생기 제조업","탄소섬유(카본프리프레그(낚시대,테니스라켓,골프 Shaft,스포츠레저용품)),합성수지,글라스페이퍼,LNG선박용 단열판넬 제조,도매",1995-07-08,12월,"조문수, 이명화 공동대표이사",http://www.hcarbon.com,경상남도
161890,KOSPI,한국콜마,기타 화학제품 제조업,"화장품, 의약품",2012-10-19,12월,안병준,,세종특별자치시
034830,KOSPI,한국토지신탁,신탁업 및 집합투자업,부동산신탁 등,2016-07-11,12월,"차정훈,최윤성(각자대표)",http://www.koreit.co.kr,서울특별시
047810,KOSPI,한국항공우주,"항공기,우주선 및 부품 제조업","정부방산 및 완제기 수출(T-50계열, KUH계열, KT-1계열 등), 기체부품",2011-06-30,12월,안현호,http://www.koreaaero.com,경상남도
123690,KOSPI,한국화장품,생활용품 도매업,화장품,2010-06-01,12월,이용준,http://www.ihkcos.co.kr,서울특별시
002390,KOSPI,한독,의약품 제조업,"의약품(소화제,크라포란,라식스)제조,도매,부동산 임대",1976-06-30,12월,"김영진, 백진기",http://www.handok.co.kr,서울특별시
042700,KOSPI,한미반도체,특수 목적용 기계 제조업,"반도체 후공정장비,반도체금형 제조/부동산 매매,임대",2005-07-22,12월,곽동신,http://www.hanmisemi.com,인천광역시
009240,KOSPI,한샘,생활용품 도매업,"주방가구(씽크대),인테리어가구 판매,제조/주택신축판매",2002-07-16,12월,"조창걸, 강승수",http://www.hanssem.com,경기도
020000,KOSPI,한섬,봉제의복 제조업,"여성의류,금속 액세서리,신발,가방,선글라스 제조,판매",1996-07-03,12월,김민덕,http://www.handsome.co.kr,서울특별시
105630,KOSPI,한세실업,봉제의복 제조업,의류 완제품,2009-03-20,12월,"김익환, 조희선",http://www.hansae.com,서울특별시
014680,KOSPI,한솔케미칼,기초 화학물질 제조업,"과산화수소,라텍스,요소수지,수소액화탄산,차아황산소다 제조,판매,디지털카메라용 인화필름 제조,수출",1989-05-20,12월,박원환,http://www.hansolchemical.com,서울특별시
004960,KOSPI,한신공영,건물 건설업,"토목공사,건축공사,주택건설,유통업(백화점),문화교실,주차장",1976-07-07,12월,"최문규,전재식(각자 대표이사)",http://www.hanshinc.com,경기도
300720,KOSPI,한일시멘트,"시멘트, 석회, 플라스터 및 그 제품 제조업","시멘트, 레미콘, 레미탈",2018-08-06,12월,"허기수, 전근식",http://www.hanilcement.com,서울특별시
009830,KOSPI,한화솔루션,기초 화학물질 제조업,"합성수지,유화부문(LDPE,LLDPE)제품 제조,플라스틱가공품(PVC),CA,무기화학제품,부동산업",1974-06-19,12월,"이구영, 김희철, 류두형, 김동관, 김은수",http://hcc.hanwha.co.kr,서울특별시
195870,KOSPI,해성디에스,전자부품 제조업,반도체 패키지용 Substrate,2016-06-24,12월,조병학,http://www.haesungds.com,경상남도
000720,KOSPI,현대건설,토목 건설업,"공사수입,주택분양,건설산업부문 설계,감리 등 엔지니어링서비스",1984-12-22,12월,윤영준,http://www.hdec.kr,서울특별시
267270,KOSPI,현대건설기계,일반 목적용 기계 제조업,"굴삭기, 지게차, 휠로더 등",2017-05-10,12월,공기영,http://www.hyundai-ce.com,서울특별시
086280,KOSPI,현대글로비스,기타 운송관련 서비스업,"화물운송주선,화물포장,자동차 수리/산업용 기계장비 임대",2005-12-26,12월,김정훈,http://www.glovis.net,서울특별시
064350,KOSPI,현대로템,철도장비 제조업,"철도차량, 특수중기, 산업기계",2013-10-30,12월,이용배,http://www.hyundai-rotem.co.kr,경상남도
079430,KOSPI,현대리바트,가구 제조업,"일반목재가구(책상,침실가구),주방가구,목창호,사무용가구,선실가구 제조",2005-11-22,12월,윤기철,http://www.hyundailivart.co.kr,경기도
012330,KOSPI,현대모비스,자동차 신품 부품 제조업,"자동차A/S용 부품,컨테이너,특수중기,산업기계제품 생산,판매,부품모듈화,부품수출사업,환경/플랜트사업,특수중기부문(컨테이너)",1989-09-05,12월,"정의선, 조성환",http://www.mobis.co.kr,서울특별시
010620,KOSPI,현대미포조선,선박 및 보트 건조업,"선박수리,선박개조,선박신조",1983-12-20,12월,신현대,http://www.hmd.co.kr,울산광역시
069960,KOSPI,현대백화점,종합 소매업,백화점,2002-11-25,12월,"정지선, 장호진, 김형종 (각자대표)",http://home.e-hyundai.com,서울특별시
004560,KOSPI,현대비앤지스틸,1차 철강 제조업,"스텐레스냉연강판,특수강 제조",1987-03-24,12월,- 정일선,http://www.hyundai-bngsteel.com,경상남도
322000,KOSPI,현대에너지솔루션,반도체 제조업,"태양광 셀·모듈, PV시스템, ESS",2019-11-19,12월,강철호,http://www.hyundai-es.co.kr/,경기도
017800,KOSPI,현대엘리베이,일반 목적용 기계 제조업,"엘리베이터,에스컬레이터,공항,공정,크린룸,병원 물류시스템,수,배송센터,고속소팅시스템,주차설비 제조,판매,보수",1996-07-03,12월,송승봉,http://www.hyundaielevator.co.kr,경기도
307950,KOSPI,현대오토에버,소프트웨어 개발 및 공급업,"전산실운영, 시스템구축, 전산장비 납품, SOC/건축 사업",2019-03-28,12월,서정식,http://www.hyundai-autoever.com,서울특별시
011210,KOSPI,현대위아,자동차 신품 부품 제조업,"자동차부품, 공작기계 등",2011-02-21,12월,정재욱,http://www.hyundai-wia.com,경상남도
004020,KOSPI,현대제철,1차 철강 제조업,"H형강,제철,제강,철근,압연,스테인레스,주강,시트파일 제조,수출입,중기부품(탱크바퀴)제조,판매",1987-05-23,12월,안동일,http://www.hyundai-steel.com,인천광역시
267250,KOSPI,현대중공업지주,석유 정제품 제조업,"산업용 로봇, 클린용 로봇, 조선 기자재 등",2017-05-10,12월,권오갑,http://www.hyundai-holdings.co.kr,서울특별시
005380,KOSPI,현대차,자동차용 엔진 및 자동차 제조업,"자동차(승용차,버스,트럭,특장차),자동차부품,자동차전착도료 제조,차량정비사업",1974-06-28,12월,"정의선, 하언태, 장재훈(각자 대표이사)",http://www.hyundai.com,서울특별시
006060,KOSPI,화승인더,플라스틱제품 제조업,"포장용 합성수지 제조/신발,필름 판매/부동산 임대",1991-02-04,12월,대표이사 현석호,http://www.hsi.co.kr,부산광역시
298050,KOSPI,효성첨단소재,화학섬유 제조업,PET타이어코드,2018-07-13,12월,황정모,http://www.hyosungadvancedmaterials.com,서울특별시
298020,KOSPI,효성티앤씨,화학섬유 제조업,"섬유, 산업자재, 화학, 중공업, 건설, 무역,금융 등",2018-07-13,12월,김용섭,http://www.hyosungtnc.com,서울특별시
298000,KOSPI,효성화학,기초 화학물질 제조업,-,2018-07-13,12월,이건종,http://www.hyosungchemical.com,서울특별시
093370,KOSPI,후성,기초 화학물질 제조업,"불소화물 제조,도매",2006-12-22,12월,허국,http://www.foosungchem.com,경기도
005870,KOSPI,휴니드,통신 및 방송 장비 제조업,"무선통신기기,군납용무전기,위성방송수신기 제조",1991-09-03,12월,신종석,http://www.huneed.com,인천광역시
054620,KOSDAQ,APS홀딩스,기타 금융업,인터넷 트래픽 솔루션,2001-12-04,12월,정기로,http://www.apsholdings.co.kr,경기도
265520,KOSDAQ,AP시스템,특수 목적용 기계 제조업,디스플레이 제조 장비,2017-04-07,12월,김영주,http://www.apsystems.co.kr,경기도
241520,KOSDAQ,DSC인베스트먼트,신탁업 및 집합투자업,투자조합 결성 및 투자,2016-12-19,12월,윤건수,http://www.dscinvestment.com,서울특별시
035900,KOSDAQ,JYP Ent.,오디오물 출판 및 원판 녹음업,오디오물 출판 및 원판 녹음 관련 제품,2001-08-30,12월,정욱,http://www.jype.com,서울특별시
151860,KOSDAQ,KG ETS,폐기물 처리업,"집단에너지(스팀), 산화동, 폐기물 소각",2013-07-24,12월,엄기민,http://www.kgets.co.kr,경기도
046440,KOSDAQ,KG모빌리언스,소프트웨어 개발 및 공급업,유무선전화결제서비스,2004-12-14,12월,고규영,http://www.mobilians.co.kr,서울특별시
035600,KOSDAQ,KG이니시스,소프트웨어 개발 및 공급업,전자지불서비스,2002-11-22,12월,유승용,http://www.inicis.com,서울특별시
060720,KOSDAQ,KH바텍,전자부품 제조업,"휴대폰부품(SHIELD, BRACKET)",2002-05-21,12월,남광희,http://www.khvatec.com,경상북도
122450,KOSDAQ,KMH,텔레비전 방송업,방송채널사업 및 방송송출서비스,2011-05-25,12월,"한찬수, 이강봉(각자 대표이사)",http://www.ikmh.co.kr,서울특별시
178920,KOSDAQ,PI첨단소재,플라스틱제품 제조업,PI필름,2014-12-08,12월,김태림,http://www.pimaterials.com,충청북도
036540,KOSDAQ,SFA반도체,반도체 제조업,"반도체패키지(SOP,DIP,QFP)",2001-05-02,12월,김영민,http://www.sts-semi.co.kr,충청남도
079940,KOSDAQ,가비아,소프트웨어 개발 및 공급업,"도메인,호스팅",2005-10-19,12월,김홍국,http://www.gabia.com,경기도
198440,KOSDAQ,고려시멘트,"시멘트, 석회, 플라스터 및 그 제품 제조업","시멘트, 레미콘",2014-08-13,12월,구희택,http://koreacement.co.kr,전라남도
049720,KOSDAQ,고려신용정보,기타 사업지원 서비스업,"채권추심, 신용조사",2002-01-31,12월,윤태훈,http://www.koryoinfo.co.kr,서울특별시
190510,KOSDAQ,나무가,전자부품 제조업,"스마트폰 카메라모듈, 노트북 카메라모듈",2015-11-12,12월,원태연,http://www.namuga.co.kr,경기도
051490,KOSDAQ,나라엠앤디,특수 목적용 기계 제조업,"금형,사출 및 판금부품",2001-06-12,12월,김영조,http://www.naramnd.com,경상남도
033640,KOSDAQ,네패스,반도체 제조업,반도체및TFT-LCD용현상액,1999-12-14,12월,이병구,http://www.nepes.co.kr,충청북도
330860,KOSDAQ,네패스아크,"그외 기타 전문, 과학 및 기술 서비스업",반도체 테스트 서비스,2020-11-17,12월,"이창우, 이병구(각자 대표이사)",http://nepesark.co.kr,충청북도
194700,KOSDAQ,노바렉스,기타 식품 제조업,건강기능식품 제조,2018-11-14,12월,권석형,http://www.novarex.co.kr,충청북도
119860,KOSDAQ,다나와,소프트웨어 개발 및 공급업,"인터넷쇼핑몰 가격비교서비스, 온라인광고",2011-01-24,12월,"손윤환, 안징현",http://www.danawa.com,서울특별시
027830,KOSDAQ,대성창투,신탁업 및 집합투자업,투자서비스,1999-11-30,12월,"김영훈, 박근진 (각자대표이사)",http://www.daesungpe.com,서울특별시
131220,KOSDAQ,대한과학,기계장비 및 관련 물품 도매업,"의료, 정밀 및 연구실험기기 제조 및 유통",2011-10-11,12월,"서정구,서현정(공동대표)",http://www.daihansci.co.kr,강원도
213420,KOSDAQ,덕산네오룩스,전자부품 제조업,"HTL(정공수송층), HIL(정공주입층), RED HOST",2015-02-06,12월,"이준호, 이수훈(각자 대표이사)",http://www.dsneolux.co.kr,충청남도
317330,KOSDAQ,덕산테코피아,기타 화학제품 제조업,"OLED 소재, 반도체 소재",2019-08-02,12월,이수완,http://dstp.co.kr,충청남도
077360,KOSDAQ,덕산하이메탈,반도체 제조업,솔더볼(Solderball),2005-10-14,12월,"김윤철, 김길연 (각자 대표이사)",http://www.hi-metal.co.kr,울산광역시
194480,KOSDAQ,데브시스터즈,소프트웨어 개발 및 공급업,모바일 게임(쿠키런),2014-10-06,12월,"이지훈, 김종흔",http://www.devsisters.com,서울특별시
067990,KOSDAQ,도이치모터스,자동차 판매업,수입자동차,2004-12-03,12월,권오수,http://www.deutschmotors.com,서울특별시
088130,KOSDAQ,동아엘텍,특수 목적용 기계 제조업,LCD검사장비,2007-01-03,12월,"박재규, 김재평(각자대표이사)",http://www.dongaeltek.co.kr,경기도
013120,KOSDAQ,동원개발,건물 건설업,도급공사,1994-12-29,12월,장복만,http://www.dongwonapt.co.kr,부산광역시
005290,KOSDAQ,동진쎄미켐,기초 화학물질 제조업,"반도체,LCD용재료(감광제,봉지제),발포제",1999-12-21,12월,"이부섭, 이준혁",http://www.dongjin.com,인천광역시
039840,KOSDAQ,디오,의료용 기기 제조업,자동포장기계,2000-06-29,12월,김진백,http://dio.co.kr,부산광역시
068930,KOSDAQ,디지털대성,일반 교습 학원,대성N스쿨 (교육 프랜차이즈),2003-10-17,12월,김희선,http://www.digitaldaesung.com,서울특별시
141080,KOSDAQ,레고켐바이오,자연과학 및 공학 연구개발업,신약후보물질 발굴을 통한 License-Out,2013-05-10,12월,김용주,http://www.legochembio.com,대전광역시
058470,KOSDAQ,리노공업,전자부품 제조업,"리노핀, 반도체 소켓 등",2001-12-18,12월,이채윤,http://www.leeno.co.kr,부산광역시
012700,KOSDAQ,리드코프,기타 전문 도매업,화공약품운반,1996-01-19,12월,김철우,http://www.leadcorp.co.kr,서울특별시
038290,KOSDAQ,마크로젠,"그외 기타 전문, 과학 및 기술 서비스업","DNA Sequencing, Microarray, Genetically Engineered Mouse",2000-02-22,12월,이수강,http://www.macrogen.com,서울특별시
267980,KOSDAQ,매일유업,낙농제품 및 식용빙과류 제조업,"유제품(우유, 분유, 발효유, 치즈, 음료 등)",2017-06-05,12월,김선희,http://www.maeil.com,서울특별시
100790,KOSDAQ,미래에셋벤처투자,기타 금융업,중소기업 창업투자 관련 고유계정/투자조합 관련 수익,2019-03-15,12월,김응석,http://venture.miraeasset.co.kr,경기도
049950,KOSDAQ,미래컴퍼니,특수 목적용 기계 제조업,EdgeGrinder,2005-01-04,12월,김준구,http://www.meerecompany.com,경기도
100120,KOSDAQ,뷰웍스,의료용 기기 제조업,X-Ray Detector,2009-04-10,12월,김후식,http://www.vieworks.com,경기도
090460,KOSDAQ,비에이치,전자부품 제조업,연성인쇄회로기판(FPCB),2007-01-26,12월,이경환,http://www.bhe.co.kr,인천광역시
143240,KOSDAQ,사람인에이치알,"자료처리, 호스팅, 포털 및 기타 인터넷 정보매개 서비스업","온라인 채용광고(취업포털), 인재파견, 취업지원 등",2012-02-21,12월,김용환,http://www.saramin.co.kr,서울특별시
225190,KOSDAQ,삼양옵틱스,사진장비 및 광학기기 제조업,디지털 카메라용 교환렌즈,2017-06-02,12월,황충현,http://www.syopt.co.kr,경상남도
046890,KOSDAQ,서울반도체,반도체 제조업,"Display, Chip LED, Lamp",2002-01-17,12월,"이정훈, 홍명기",http://www.seoulsemicon.co.kr,경기도
035890,KOSDAQ,서희건설,건물 건설업,"토목, 건축, 부동산임대업",1999-12-24,12월,"곽선기,김팔수",http://www.seohee.co.kr,경기도
171090,KOSDAQ,선익시스템,특수 목적용 기계 제조업,OLED 증착장비,2017-09-20,12월,"박재규, 이영종",http://www.sunic.co.kr,경기도
148150,KOSDAQ,세경하이테크,전자부품 제조업,DECO Film 및 기타 TAPE 제조,2019-07-30,12월,이영민,http://www.sghitech.co.kr/,경기도
068760,KOSDAQ,셀트리온제약,의약품 제조업,무선인터넷서비스및플랫폼,2006-02-03,12월,서정수,http://www.celltrionph.com,충청북도
091990,KOSDAQ,셀트리온헬스케어,기타 전문 도매업,바이오의약품 마케팅 및 판매,2017-07-28,12월,김형기,http://www.celltrionhealthcare.com/kr/index.do,인천광역시
192440,KOSDAQ,슈피겐코리아,그외 기타 제품 제조업,"핸드폰 케이스, 액정보호필름",2014-11-05,12월,김대영,http://www.spigenkorea.co.kr/,서울특별시
065350,KOSDAQ,신성델타테크,가정용 기기 제조업,"세탁기, 자동차, 에어컨 및 LCD 부품",2004-08-06,12월,"구 자 천, 문 준 명",http://www.ssdelta.co.kr,경상남도
099320,KOSDAQ,쎄트렉아이,"항공기,우주선 및 부품 제조업","소형인공위성,지상시스템",2008-06-13,12월,김이을,,대전광역시
225330,KOSDAQ,씨엠에스에듀,일반 교습 학원,융합사고력 프로그램,2016-04-07,12월,이충국,http://www.cmsedu.co.kr,서울특별시
096530,KOSDAQ,씨젠,의료용품 및 기타 의약 관련제품 제조업,"호흡기성 병원체 검사제품, 성감염증원인균 검사제품",2010-09-10,12월,천종윤,http://seegene.co.kr,서울특별시
025980,KOSDAQ,아난티,일반 및 생활 숙박시설 운영업,리조트 운영 및 분양,1996-01-06,12월,이만규,http://www.ananti.kr,충청북도
083930,KOSDAQ,아바코,특수 목적용 기계 제조업,평판디스플레이제조용장비,2005-10-11,12월,김광현,http://www.avaco.co.kr,대구광역시
149950,KOSDAQ,아바텍,전자부품 제조업,"Glass Slimming & ITO코팅 제품, PDP필터",2012-11-06,12월,박명섭,http://www.avatec.co.kr,대구광역시
099190,KOSDAQ,아이센스,의료용 기기 제조업,"혈당측정스트립, 혈당측정기기 등",2013-01-30,12월,"차근식, 남학현(각자 대표이사)",http://www.i-sens.com,서울특별시
067160,KOSDAQ,아프리카TV,소프트웨어 개발 및 공급업,미디어플랫폼,2003-12-19,12월,"Seo Soo Kiel, Jung Chan Yong",http://corp.afreecatv.com,경기도
196170,KOSDAQ,알테오젠,자연과학 및 공학 연구개발업,바이오시밀러 및 바이오베터,2014-12-12,12월,박순재,http://www.alteogen.com,대전광역시
102120,KOSDAQ,어보브반도체,반도체 제조업,"반도체,전자제품,마이크로컨트롤라",2009-06-05,12월,최원,http://abov.co.kr,충청북도
041510,KOSDAQ,에스엠,오디오물 출판 및 원판 녹음업,"음반(CD,MC),연예 대리",2000-04-27,12월,"이성수, 탁영준",http://www.smtown.com,서울특별시
237690,KOSDAQ,에스티팜,의약품 제조업,원료의약품,2016-06-23,12월,김경진,http://www.stpharm.co.kr,경기도
230360,KOSDAQ,에코마케팅,광고업,"온라인, 모바일 광고 종합대행업",2016-08-08,12월,김철웅,http://www.echomarketing.co.kr,서울특별시
086520,KOSDAQ,에코프로,기타 화학제품 제조업,"환경소재,화학필터,이차전지소재등",2007-07-20,12월,이동채,http://www.ecopro.co.kr,충청북도
247540,KOSDAQ,에코프로비엠,일차전지 및 축전지 제조업,양극활물질,2019-03-05,12월,"권우석, 김병훈(각자 대표이사)",http://www.ecoprobm.co.kr,충청북도
383310,KOSDAQ,에코프로에이치엔,기타 화학제품 제조업,환경오염 방지 관련 소재 및 설비,2021-05-28,12월,윤성진,http://www.ecoprohn.co.kr,충청북도
083500,KOSDAQ,에프엔에스테크,특수 목적용 기계 제조업,"OLED, LCD 제조 공정 장비",2017-02-27,12월,"김팔곤, 양상재(공동대표)",http://www.fnstech.com,충청남도
092870,KOSDAQ,엑시콘,특수 목적용 기계 제조업,반도체 검사장비,2015-10-22,12월,박상준,http://www.exicon.co.kr,경기도
066970,KOSDAQ,엘앤에프,일차전지 및 축전지 제조업,TFT-LCD BLU(Back Light Unit),2003-01-02,12월,최수안,http://www.landf.co.kr,대구광역시
083310,KOSDAQ,엘오티베큠,특수 목적용 기계 제조업,반도체제조용진공펌프,2005-10-05,12월,오흥식,http://www.lotvacuum.com,경기도
039200,KOSDAQ,오스코텍,의약품 제조업,"뼈이식재,건강식품소재",2007-01-17,12월,"김정근, 윤태영",http://www.oscotec.com,경기도
122990,KOSDAQ,와이솔,전자부품 제조업,"SAW Filter, Wafer Chip, Duplexer",2010-09-10,12월,염상덕,http://www.wisol.co.kr,경기도
019210,KOSDAQ,와이지-원,기타 금속 가공제품 제조업,"엔드밀, 탭, 드릴",1997-08-06,12월,"송호근, 송시한",http://www.yg1.co.kr,인천광역시
240810,KOSDAQ,원익IPS,특수 목적용 기계 제조업,반도체 제조용 기계,2016-05-02,12월,Hyeondeok Lee,http://.www.ips.co.kr,경기도
074600,KOSDAQ,원익QnC,유리 및 유리제품 제조업,석영유리가공제품,2003-12-12,12월,임창빈,http://www.wonikquartz.com,경상북도
104830,KOSDAQ,원익머트리얼즈,기초 화학물질 제조업,"저메인가스,디실란,아산화질소,암모니아 등",2011-12-28,12월,한우성,http://wimco.co.kr,충청북도
036200,KOSDAQ,유니셈,특수 목적용 기계 제조업,반도체장비(DryGasScrubber),1999-12-10,12월,"김형균,이양구(각자대표)",http://www.unisem.co.kr,경기도
086390,KOSDAQ,유니테스트,특수 목적용 기계 제조업,"반도체메모리주검사장비생산(메모리컴포넌트테스터,메모리모듈테스트)",2006-12-05,12월,김종현,http://www.uni-test.com,경기도
272290,KOSDAQ,이녹스첨단소재,전자부품 제조업,"FPCB소재, 반도체 및 디스플레이 소재",2017-07-10,12월,"장경호, 김필영",http://www.innoxamc.com,충청남도
078020,KOSDAQ,이베스트투자증권,금융 지원 서비스업,유가증권위탁매매,2007-02-21,12월,김원규,http://www.ebestsec.co.kr,서울특별시
041830,KOSDAQ,인바디,의료용 기기 제조업,정밀 체성분 분석기,2000-12-14,12월,차기철,http://www.inbody.com,서울특별시
079950,KOSDAQ,인베니아,특수 목적용 기계 제조업,"Dry Etcher, 진공합착기, LCD Panel 검사장비, OLED용 진공합착기",2005-02-04,12월,구동범,http://www.inveniacorp.com/,경기도
040420,KOSDAQ,정상제이엘에스,일반 교습 학원,어학교육업,2000-08-01,12월,박정흠,http://www.gojls.com,서울특별시
225220,KOSDAQ,제놀루션,기초 의약물질 및 생물학적 제제 제조업,"핵산추출기기 및 시약, RNAi 사업 등",2020-07-24,12월,김기옥,http://genolution.co.kr,서울특별시
044060,KOSDAQ,조광ILI,일반 목적용 기계 제조업,"안전밸브,스팀트랩",2001-01-18,12월,김우동,http://www.jokwang.co.kr,경상남도
036930,KOSDAQ,주성엔지니어링,특수 목적용 기계 제조업,LP CVD,1999-12-24,12월,황철주,http://www.jseng.com,경기도
293490,KOSDAQ,카카오게임즈,소프트웨어 개발 및 공급업,"모바일, PC게임 퍼블리싱",2020-09-10,12월,"남궁훈, 조계현",http://kakaogames.com,경기도
042000,KOSDAQ,카페24,"자료처리, 호스팅, 포털 및 기타 인터넷 정보매개 서비스업","쇼핑몰솔루션, 광고솔루션, 호스팅솔루션",2018-02-08,12월,이재석,http://www.cafe24.com,서울특별시
214370,KOSDAQ,케어젠,기초 의약물질 및 생물학적 제제 제조업,"성장인자, 바이오미메틱펩타이드 기반 안면, 두피, 바디 코스메슈티컬 제품",2015-11-17,12월,정용지,http://caregen.co.kr,경기도
032500,KOSDAQ,케이엠더블유,통신 및 방송 장비 제조업,RF 부품 및 중계기,2000-03-21,12월,김덕용,http://www.kmwinc.com,경기도
089010,KOSDAQ,켐트로닉스,기타 화학제품 제조업,"Touch IC 및 PBA, TG, EMC",2007-01-17,12월,김 보 균,http://www.chemtronics.co.kr,세종특별자치시
220260,KOSDAQ,켐트로스,기타 화학제품 제조업,기타 화학제품 제조업,2015-07-27,12월,이동훈,http://chemtros.com,경기도
052400,KOSDAQ,코나아이,소프트웨어 개발 및 공급업,"전자화폐, 단말기, 수집/정산시스템",2001-10-18,12월,조정일,http://www.konai.co.kr,서울특별시
033290,KOSDAQ,코웰패션,"섬유, 의복, 신발 및 가죽제품 소매업","콘덴서,저항기",1997-10-13,12월,"최용석, 임종민",http://www.pilkor.co.kr,경기도
214150,KOSDAQ,클래시스,의료용 기기 제조업,미용의료기기,2015-04-03,12월,정성재,http://classys.co.kr,서울특별시
095610,KOSDAQ,테스,특수 목적용 기계 제조업,반도체장비(화학증착장비),2008-05-20,12월,"주숭일, 이재호 (각자 대표이사)",,경기도
131970,KOSDAQ,테스나,"그외 기타 전문, 과학 및 기술 서비스업",반도체 테스트,2013-10-22,12월,이종도,http://www.tesna.co.kr,경기도
037070,KOSDAQ,파세코,가정용 기기 제조업,"석유스토브, 식기건조기,식기세척기",2000-01-04,12월,유일한,http://www.paseco.co.kr,경기도
263750,KOSDAQ,펄어비스,소프트웨어 개발 및 공급업,온라인 게임 개발 서비스(검은사막),2017-09-14,12월,정경인,http://www.pearlabyss.com/,경기도
007330,KOSDAQ,푸른저축은행,은행 및 저축기관,대출이자,1993-12-07,12월,송명구 (단독대표),http://www.pureunbank.co.kr,서울특별시
319660,KOSDAQ,피에스케이,특수 목적용 기계 제조업,"드라이 스트립, 드라이 클리닝",2019-05-10,12월,이경일,,경기도
347740,KOSDAQ,피엔케이피부임상연구센타,"그외 기타 전문, 과학 및 기술 서비스업",피부인체적용시험,2020-09-09,12월,"박진오, 이해광(각자대표)",http://www.pnkskin.com,서울특별시
067310,KOSDAQ,하나마이크론,반도체 제조업,"반도체패키징,USB플래쉬드라이브",2005-10-11,12월,이동철,http://www.hanamicron.co.kr,충청남도
166090,KOSDAQ,하나머티리얼즈,반도체 제조업,"실리콘부품, 세라믹부품, 특수가스",2017-04-28,12월,오경석,http://hanamts.com,충청남도
137400,KOSDAQ,피엔티,특수 목적용 기계 제조업,2차전지 및 전자소재용 Roll-to-Roll 장비,2012-07-06,12월,김준섭,http://www.epnt.co.kr,경상북도
066130,KOSDAQ,하츠,가정용 기기 제조업,"레인지후드, 빌트인 기기 등",2003-02-11,12월,김성식,http://www.haatz.com,경기도
017890,KOSDAQ,한국알콜,기타 화학제품 제조업,주정,1992-08-04,12월,"지용석, 김정수, 주성호",http://www.ka.co.kr,경기도
078350,KOSDAQ,한양디지텍,반도체 제조업,메모리 모듈,2004-05-14,12월,김형육/김윤상 각자대표,http://www.hanyangdgt.com,경기도
114810,KOSDAQ,아이원스,특수 목적용 기계 제조업,"반도체 장비 부품 제조 및 세정, LCD 장비 부품 제조",2013-02-07,12월,이문기,http://www.iones.co.kr,경기도
352910,KOSDAQ,오비고,"컴퓨터 프로그래밍, 시스템 통합 및 관리업",스마트카 소프트웨어 플랫폼,2021-07-13,12월,황도연,http://obigo.com/,경기도
